,Img1,Img2,Target
0,001_t.jpg,001_dt.jpg,1
1,002_d.jpg,002_dt.jpg,1
2,003_dt.jpg,003_d.jpg,1
3,004_t.jpg,004_d.jpg,1
4,005_t.jpg,005_.jpg,1
5,006_dt.jpg,006_.jpg,1
6,007_d.jpg,007_.jpg,1
7,008_dt.jpg,008_.jpg,1
8,009_.jpg,009_dt.jpg,1
9,010_.jpg,010_d.jpg,1
10,011_dt.jpg,011_t.jpg,1
11,012_t.jpg,012_.jpg,1
12,013_.jpg,013_d.jpg,1
13,014_.jpg,014_dt.jpg,1
14,015_.jpg,015_d.jpg,1
15,016_d.jpg,016_dt.jpg,1
16,017_.jpg,017_d.jpg,1
17,018_.jpg,018_t.jpg,1
18,019_dt.jpg,019_t.jpg,1
19,020_d.jpg,020_t.jpg,1
20,021_dt.jpg,021_d.jpg,1
21,022_t.jpg,022_d.jpg,1
22,023_.jpg,023_d.jpg,1
23,024_t.jpg,024_d.jpg,1
24,025_.jpg,025_t.jpg,1
25,026_d.jpg,026_t.jpg,1
26,027_dt.jpg,027_d.jpg,1
27,028_t.jpg,028_.jpg,1
28,029_t.jpg,029_d.jpg,1
29,030_d.jpg,030_dt.jpg,1
30,031_.jpg,031_dt.jpg,1
31,032_dt.jpg,032_d.jpg,1
32,033_dt.jpg,033_d.jpg,1
33,034_.jpg,034_t.jpg,1
34,035_t.jpg,035_dt.jpg,1
35,036_dt.jpg,036_t.jpg,1
36,037_d.jpg,037_dt.jpg,1
37,038_.jpg,038_t.jpg,1
38,039_dt.jpg,039_.jpg,1
39,040_.jpg,040_dt.jpg,1
40,041_t.jpg,041_dt.jpg,1
41,042_dt.jpg,042_t.jpg,1
42,043_t.jpg,043_d.jpg,1
43,044_d.jpg,044_.jpg,1
44,045_t.jpg,045_dt.jpg,1
45,046_d.jpg,046_dt.jpg,1
46,047_d.jpg,047_t.jpg,1
47,048_dt.jpg,048_t.jpg,1
48,049_.jpg,049_d.jpg,1
49,050_d.jpg,050_t.jpg,1
50,051_d.jpg,051_t.jpg,1
51,052_t.jpg,052_d.jpg,1
52,053_d.jpg,053_dt.jpg,1
53,054_t.jpg,054_dt.jpg,1
54,055_d.jpg,055_t.jpg,1
55,056_dt.jpg,056_t.jpg,1
56,057_.jpg,057_dt.jpg,1
57,058_d.jpg,058_.jpg,1
58,059_dt.jpg,059_.jpg,1
59,060_d.jpg,060_t.jpg,1
60,061_dt.jpg,061_d.jpg,1
61,062_t.jpg,062_dt.jpg,1
62,063_d.jpg,063_t.jpg,1
63,064_.jpg,064_dt.jpg,1
64,065_d.jpg,065_.jpg,1
65,066_t.jpg,066_d.jpg,1
66,067_.jpg,067_d.jpg,1
67,068_d.jpg,068_t.jpg,1
68,069_t.jpg,069_.jpg,1
69,070_t.jpg,070_.jpg,1
70,071_.jpg,071_dt.jpg,1
71,072_t.jpg,072_.jpg,1
72,073_dt.jpg,073_.jpg,1
73,074_dt.jpg,074_t.jpg,1
74,075_t.jpg,075_d.jpg,1
75,076_t.jpg,076_.jpg,1
76,077_d.jpg,077_.jpg,1
77,078_dt.jpg,078_d.jpg,1
78,079_d.jpg,079_.jpg,1
79,080_t.jpg,080_dt.jpg,1
80,081_dt.jpg,081_t.jpg,1
81,082_dt.jpg,082_d.jpg,1
82,083_.jpg,083_d.jpg,1
83,084_d.jpg,084_dt.jpg,1
84,085_dt.jpg,085_t.jpg,1
85,086_t.jpg,086_dt.jpg,1
86,087_d.jpg,087_dt.jpg,1
87,088_t.jpg,088_dt.jpg,1
88,089_d.jpg,089_.jpg,1
89,090_.jpg,090_d.jpg,1
90,091_dt.jpg,091_.jpg,1
91,092_t.jpg,092_d.jpg,1
92,093_t.jpg,093_d.jpg,1
93,094_d.jpg,094_t.jpg,1
94,095_d.jpg,095_.jpg,1
95,096_.jpg,096_d.jpg,1
96,097_dt.jpg,097_t.jpg,1
97,098_t.jpg,098_d.jpg,1
98,099_.jpg,099_d.jpg,1
99,100_dt.jpg,100_.jpg,1
100,101_.jpg,101_d.jpg,1
101,102_dt.jpg,102_.jpg,1
102,103_d.jpg,103_.jpg,1
103,104_t.jpg,104_.jpg,1
104,105_t.jpg,105_dt.jpg,1
105,106_.jpg,106_d.jpg,1
106,107_dt.jpg,107_d.jpg,1
107,108_d.jpg,108_t.jpg,1
108,109_.jpg,109_d.jpg,1
109,110_.jpg,110_d.jpg,1
110,111_d.jpg,111_t.jpg,1
111,112_dt.jpg,112_d.jpg,1
112,113_d.jpg,113_dt.jpg,1
113,114_d.jpg,114_t.jpg,1
114,115_dt.jpg,115_.jpg,1
115,116_d.jpg,116_t.jpg,1
116,117_.jpg,117_d.jpg,1
117,118_.jpg,118_d.jpg,1
118,119_t.jpg,119_dt.jpg,1
119,120_dt.jpg,120_.jpg,1
120,121_t.jpg,121_dt.jpg,1
121,122_dt.jpg,122_d.jpg,1
122,123_dt.jpg,123_.jpg,1
123,124_dt.jpg,124_d.jpg,1
124,125_t.jpg,125_.jpg,1
125,126_t.jpg,126_dt.jpg,1
126,127_d.jpg,127_dt.jpg,1
127,128_.jpg,128_d.jpg,1
128,129_t.jpg,129_dt.jpg,1
129,130_.jpg,130_dt.jpg,1
130,131_t.jpg,131_d.jpg,1
131,132_d.jpg,132_t.jpg,1
132,133_d.jpg,133_dt.jpg,1
133,134_t.jpg,134_d.jpg,1
134,135_d.jpg,135_t.jpg,1
135,136_dt.jpg,136_t.jpg,1
136,137_t.jpg,137_.jpg,1
137,138_d.jpg,138_t.jpg,1
138,139_dt.jpg,139_d.jpg,1
139,140_d.jpg,140_t.jpg,1
140,141_dt.jpg,141_t.jpg,1
141,142_t.jpg,142_dt.jpg,1
142,143_t.jpg,143_.jpg,1
143,144_d.jpg,144_t.jpg,1
144,145_d.jpg,145_t.jpg,1
145,146_dt.jpg,146_t.jpg,1
146,147_.jpg,147_dt.jpg,1
147,148_d.jpg,148_.jpg,1
148,149_.jpg,149_t.jpg,1
149,150_t.jpg,150_d.jpg,1
150,151_.jpg,151_dt.jpg,1
151,152_dt.jpg,152_.jpg,1
152,153_dt.jpg,153_.jpg,1
153,154_.jpg,154_dt.jpg,1
154,155_d.jpg,155_t.jpg,1
155,156_.jpg,156_d.jpg,1
156,157_.jpg,157_dt.jpg,1
157,158_.jpg,158_d.jpg,1
158,159_.jpg,159_d.jpg,1
159,160_d.jpg,160_dt.jpg,1
160,161_dt.jpg,161_.jpg,1
161,162_d.jpg,162_.jpg,1
162,163_dt.jpg,163_d.jpg,1
163,164_.jpg,164_t.jpg,1
164,165_.jpg,165_t.jpg,1
165,166_.jpg,166_dt.jpg,1
166,167_.jpg,167_t.jpg,1
167,168_dt.jpg,168_.jpg,1
168,169_t.jpg,169_dt.jpg,1
169,170_dt.jpg,170_.jpg,1
170,171_d.jpg,171_t.jpg,1
171,172_t.jpg,172_d.jpg,1
172,173_t.jpg,173_d.jpg,1
173,174_d.jpg,174_.jpg,1
174,175_t.jpg,175_.jpg,1
175,176_t.jpg,176_.jpg,1
176,177_d.jpg,177_.jpg,1
177,178_d.jpg,178_.jpg,1
178,179_t.jpg,179_dt.jpg,1
179,180_.jpg,180_d.jpg,1
180,181_dt.jpg,181_t.jpg,1
181,182_dt.jpg,182_d.jpg,1
182,183_t.jpg,183_dt.jpg,1
183,184_t.jpg,184_dt.jpg,1
184,185_d.jpg,185_dt.jpg,1
185,186_t.jpg,186_dt.jpg,1
186,187_dt.jpg,187_t.jpg,1
187,188_d.jpg,188_t.jpg,1
188,189_dt.jpg,189_d.jpg,1
189,190_d.jpg,190_t.jpg,1
190,191_dt.jpg,191_.jpg,1
191,192_.jpg,192_t.jpg,1
192,193_d.jpg,193_dt.jpg,1
193,194_.jpg,194_dt.jpg,1
194,195_dt.jpg,195_t.jpg,1
195,001_dt.jpg,001_d.jpg,1
196,002_d.jpg,002_t.jpg,1
197,003_.jpg,003_d.jpg,1
198,004_dt.jpg,004_.jpg,1
199,005_dt.jpg,005_d.jpg,1
200,006_.jpg,006_d.jpg,1
201,007_d.jpg,007_.jpg,1
202,008_dt.jpg,008_.jpg,1
203,009_.jpg,009_d.jpg,1
204,010_d.jpg,010_.jpg,1
205,011_t.jpg,011_.jpg,1
206,012_t.jpg,012_dt.jpg,1
207,013_dt.jpg,013_d.jpg,1
208,014_dt.jpg,014_d.jpg,1
209,015_.jpg,015_dt.jpg,1
210,016_dt.jpg,016_d.jpg,1
211,017_d.jpg,017_t.jpg,1
212,018_.jpg,018_d.jpg,1
213,019_t.jpg,019_dt.jpg,1
214,020_.jpg,020_dt.jpg,1
215,021_dt.jpg,021_t.jpg,1
216,022_t.jpg,022_dt.jpg,1
217,023_.jpg,023_d.jpg,1
218,024_dt.jpg,024_d.jpg,1
219,025_.jpg,025_dt.jpg,1
220,026_dt.jpg,026_t.jpg,1
221,027_d.jpg,027_.jpg,1
222,028_.jpg,028_d.jpg,1
223,029_d.jpg,029_.jpg,1
224,030_.jpg,030_d.jpg,1
225,031_d.jpg,031_.jpg,1
226,032_dt.jpg,032_d.jpg,1
227,033_t.jpg,033_.jpg,1
228,034_dt.jpg,034_.jpg,1
229,035_dt.jpg,035_d.jpg,1
230,036_t.jpg,036_.jpg,1
231,037_.jpg,037_d.jpg,1
232,038_dt.jpg,038_.jpg,1
233,039_t.jpg,039_dt.jpg,1
234,040_d.jpg,040_dt.jpg,1
235,041_.jpg,041_t.jpg,1
236,042_t.jpg,042_dt.jpg,1
237,043_.jpg,043_dt.jpg,1
238,044_d.jpg,044_t.jpg,1
239,045_dt.jpg,045_t.jpg,1
240,046_t.jpg,046_d.jpg,1
241,047_t.jpg,047_d.jpg,1
242,048_.jpg,048_dt.jpg,1
243,049_t.jpg,049_dt.jpg,1
244,050_.jpg,050_d.jpg,1
245,051_t.jpg,051_d.jpg,1
246,052_d.jpg,052_.jpg,1
247,053_.jpg,053_dt.jpg,1
248,054_.jpg,054_d.jpg,1
249,055_d.jpg,055_.jpg,1
250,056_t.jpg,056_d.jpg,1
251,057_dt.jpg,057_.jpg,1
252,058_d.jpg,058_t.jpg,1
253,059_dt.jpg,059_t.jpg,1
254,060_.jpg,060_t.jpg,1
255,061_t.jpg,061_d.jpg,1
256,062_.jpg,062_t.jpg,1
257,063_d.jpg,063_t.jpg,1
258,064_t.jpg,064_d.jpg,1
259,065_t.jpg,065_.jpg,1
260,066_d.jpg,066_dt.jpg,1
261,067_d.jpg,067_t.jpg,1
262,068_t.jpg,068_dt.jpg,1
263,069_.jpg,069_d.jpg,1
264,070_d.jpg,070_.jpg,1
265,071_dt.jpg,071_d.jpg,1
266,072_d.jpg,072_t.jpg,1
267,073_dt.jpg,073_t.jpg,1
268,074_dt.jpg,074_.jpg,1
269,075_dt.jpg,075_t.jpg,1
270,076_dt.jpg,076_.jpg,1
271,077_t.jpg,077_.jpg,1
272,078_.jpg,078_dt.jpg,1
273,079_d.jpg,079_.jpg,1
274,080_d.jpg,080_dt.jpg,1
275,081_.jpg,081_dt.jpg,1
276,082_d.jpg,082_t.jpg,1
277,083_dt.jpg,083_.jpg,1
278,084_d.jpg,084_t.jpg,1
279,085_d.jpg,085_t.jpg,1
280,086_.jpg,086_t.jpg,1
281,087_.jpg,087_t.jpg,1
282,088_d.jpg,088_t.jpg,1
283,089_dt.jpg,089_.jpg,1
284,090_dt.jpg,090_.jpg,1
285,091_t.jpg,091_dt.jpg,1
286,092_t.jpg,092_d.jpg,1
287,093_dt.jpg,093_d.jpg,1
288,094_.jpg,094_t.jpg,1
289,095_dt.jpg,095_t.jpg,1
290,096_.jpg,096_d.jpg,1
291,097_t.jpg,097_dt.jpg,1
292,098_dt.jpg,098_.jpg,1
293,099_t.jpg,099_.jpg,1
294,100_t.jpg,100_.jpg,1
295,101_d.jpg,101_dt.jpg,1
296,102_d.jpg,102_.jpg,1
297,103_.jpg,103_t.jpg,1
298,104_d.jpg,104_dt.jpg,1
299,105_d.jpg,105_dt.jpg,1
300,106_dt.jpg,106_.jpg,1
301,107_t.jpg,107_dt.jpg,1
302,108_.jpg,108_d.jpg,1
303,109_d.jpg,109_.jpg,1
304,110_.jpg,110_t.jpg,1
305,111_t.jpg,111_.jpg,1
306,112_d.jpg,112_dt.jpg,1
307,113_dt.jpg,113_t.jpg,1
308,114_dt.jpg,114_.jpg,1
309,115_t.jpg,115_d.jpg,1
310,116_t.jpg,116_dt.jpg,1
311,117_t.jpg,117_.jpg,1
312,118_dt.jpg,118_t.jpg,1
313,119_.jpg,119_t.jpg,1
314,120_dt.jpg,120_d.jpg,1
315,121_dt.jpg,121_t.jpg,1
316,122_t.jpg,122_dt.jpg,1
317,123_.jpg,123_d.jpg,1
318,124_dt.jpg,124_d.jpg,1
319,125_t.jpg,125_.jpg,1
320,126_d.jpg,126_t.jpg,1
321,127_t.jpg,127_dt.jpg,1
322,128_.jpg,128_dt.jpg,1
323,129_dt.jpg,129_d.jpg,1
324,130_.jpg,130_dt.jpg,1
325,131_t.jpg,131_dt.jpg,1
326,132_t.jpg,132_d.jpg,1
327,133_dt.jpg,133_t.jpg,1
328,134_dt.jpg,134_t.jpg,1
329,135_.jpg,135_d.jpg,1
330,136_dt.jpg,136_d.jpg,1
331,137_dt.jpg,137_t.jpg,1
332,138_t.jpg,138_.jpg,1
333,139_d.jpg,139_dt.jpg,1
334,140_.jpg,140_dt.jpg,1
335,141_t.jpg,141_dt.jpg,1
336,142_d.jpg,142_.jpg,1
337,143_t.jpg,143_dt.jpg,1
338,144_.jpg,144_t.jpg,1
339,145_d.jpg,145_dt.jpg,1
340,146_dt.jpg,146_d.jpg,1
341,147_dt.jpg,147_t.jpg,1
342,148_.jpg,148_t.jpg,1
343,149_d.jpg,149_dt.jpg,1
344,150_.jpg,150_d.jpg,1
345,151_d.jpg,151_t.jpg,1
346,152_d.jpg,152_t.jpg,1
347,153_t.jpg,153_d.jpg,1
348,154_dt.jpg,154_t.jpg,1
349,155_.jpg,155_d.jpg,1
350,156_t.jpg,156_.jpg,1
351,157_dt.jpg,157_.jpg,1
352,158_d.jpg,158_.jpg,1
353,159_d.jpg,159_.jpg,1
354,160_.jpg,160_t.jpg,1
355,161_.jpg,161_dt.jpg,1
356,162_dt.jpg,162_d.jpg,1
357,163_dt.jpg,163_.jpg,1
358,164_t.jpg,164_.jpg,1
359,165_.jpg,165_dt.jpg,1
360,166_d.jpg,166_dt.jpg,1
361,167_t.jpg,167_.jpg,1
362,168_.jpg,168_t.jpg,1
363,169_t.jpg,169_dt.jpg,1
364,170_dt.jpg,170_d.jpg,1
365,171_.jpg,171_d.jpg,1
366,172_.jpg,172_d.jpg,1
367,173_.jpg,173_t.jpg,1
368,174_d.jpg,174_dt.jpg,1
369,175_t.jpg,175_d.jpg,1
370,176_t.jpg,176_dt.jpg,1
371,177_.jpg,177_d.jpg,1
372,178_dt.jpg,178_d.jpg,1
373,179_.jpg,179_dt.jpg,1
374,180_.jpg,180_t.jpg,1
375,181_dt.jpg,181_t.jpg,1
376,182_dt.jpg,182_.jpg,1
377,183_t.jpg,183_d.jpg,1
378,184_dt.jpg,184_t.jpg,1
379,185_d.jpg,185_.jpg,1
380,186_.jpg,186_d.jpg,1
381,187_d.jpg,187_.jpg,1
382,188_d.jpg,188_.jpg,1
383,189_dt.jpg,189_t.jpg,1
384,190_t.jpg,190_.jpg,1
385,191_.jpg,191_d.jpg,1
386,192_t.jpg,192_.jpg,1
387,193_d.jpg,193_t.jpg,1
388,194_dt.jpg,194_t.jpg,1
389,195_t.jpg,195_.jpg,1
390,001_d.jpg,001_.jpg,1
391,002_dt.jpg,002_t.jpg,1
392,003_.jpg,003_d.jpg,1
393,004_t.jpg,004_d.jpg,1
394,005_.jpg,005_d.jpg,1
395,006_t.jpg,006_d.jpg,1
396,007_d.jpg,007_.jpg,1
397,008_t.jpg,008_dt.jpg,1
398,009_dt.jpg,009_t.jpg,1
399,010_dt.jpg,010_.jpg,1
400,011_d.jpg,011_.jpg,1
401,012_d.jpg,012_dt.jpg,1
402,013_dt.jpg,013_d.jpg,1
403,014_t.jpg,014_d.jpg,1
404,015_dt.jpg,015_d.jpg,1
405,016_.jpg,016_t.jpg,1
406,017_dt.jpg,017_t.jpg,1
407,018_dt.jpg,018_.jpg,1
408,019_.jpg,019_d.jpg,1
409,020_d.jpg,020_.jpg,1
410,021_dt.jpg,021_t.jpg,1
411,022_.jpg,022_d.jpg,1
412,023_.jpg,023_d.jpg,1
413,024_d.jpg,024_.jpg,1
414,025_.jpg,025_d.jpg,1
415,026_t.jpg,026_d.jpg,1
416,027_dt.jpg,027_t.jpg,1
417,028_t.jpg,028_.jpg,1
418,029_d.jpg,029_dt.jpg,1
419,030_d.jpg,030_dt.jpg,1
420,031_.jpg,031_dt.jpg,1
421,032_t.jpg,032_d.jpg,1
422,033_.jpg,033_t.jpg,1
423,034_dt.jpg,034_.jpg,1
424,035_.jpg,035_t.jpg,1
425,036_dt.jpg,036_t.jpg,1
426,037_.jpg,037_d.jpg,1
427,038_dt.jpg,038_.jpg,1
428,039_dt.jpg,039_d.jpg,1
429,040_.jpg,040_d.jpg,1
430,041_dt.jpg,041_d.jpg,1
431,042_d.jpg,042_t.jpg,1
432,043_d.jpg,043_dt.jpg,1
433,044_dt.jpg,044_.jpg,1
434,045_t.jpg,045_dt.jpg,1
435,046_.jpg,046_t.jpg,1
436,047_dt.jpg,047_.jpg,1
437,048_dt.jpg,048_.jpg,1
438,049_t.jpg,049_.jpg,1
439,050_.jpg,050_t.jpg,1
440,051_.jpg,051_dt.jpg,1
441,052_t.jpg,052_dt.jpg,1
442,053_dt.jpg,053_.jpg,1
443,054_.jpg,054_dt.jpg,1
444,055_d.jpg,055_t.jpg,1
445,056_t.jpg,056_.jpg,1
446,057_.jpg,057_d.jpg,1
447,058_dt.jpg,058_d.jpg,1
448,059_t.jpg,059_d.jpg,1
449,060_d.jpg,060_t.jpg,1
450,061_t.jpg,061_.jpg,1
451,062_d.jpg,062_.jpg,1
452,063_.jpg,063_dt.jpg,1
453,064_.jpg,064_dt.jpg,1
454,065_d.jpg,065_t.jpg,1
455,066_.jpg,066_dt.jpg,1
456,067_dt.jpg,067_d.jpg,1
457,068_d.jpg,068_t.jpg,1
458,069_.jpg,069_t.jpg,1
459,070_t.jpg,070_.jpg,1
460,071_dt.jpg,071_t.jpg,1
461,072_.jpg,072_t.jpg,1
462,073_t.jpg,073_dt.jpg,1
463,074_t.jpg,074_.jpg,1
464,075_.jpg,075_d.jpg,1
465,076_.jpg,076_dt.jpg,1
466,077_dt.jpg,077_t.jpg,1
467,078_t.jpg,078_.jpg,1
468,079_.jpg,079_d.jpg,1
469,080_t.jpg,080_d.jpg,1
470,081_t.jpg,081_.jpg,1
471,082_.jpg,082_dt.jpg,1
472,083_t.jpg,083_.jpg,1
473,084_d.jpg,084_dt.jpg,1
474,085_.jpg,085_d.jpg,1
475,086_dt.jpg,086_.jpg,1
476,087_t.jpg,087_.jpg,1
477,088_d.jpg,088_dt.jpg,1
478,089_t.jpg,089_.jpg,1
479,090_d.jpg,090_dt.jpg,1
480,091_d.jpg,091_t.jpg,1
481,092_t.jpg,092_dt.jpg,1
482,093_.jpg,093_t.jpg,1
483,094_t.jpg,094_d.jpg,1
484,095_t.jpg,095_.jpg,1
485,096_t.jpg,096_d.jpg,1
486,097_t.jpg,097_d.jpg,1
487,098_dt.jpg,098_.jpg,1
488,099_.jpg,099_t.jpg,1
489,100_t.jpg,100_.jpg,1
490,101_.jpg,101_d.jpg,1
491,102_t.jpg,102_.jpg,1
492,103_t.jpg,103_dt.jpg,1
493,104_t.jpg,104_dt.jpg,1
494,105_t.jpg,105_.jpg,1
495,106_.jpg,106_dt.jpg,1
496,107_t.jpg,107_dt.jpg,1
497,108_t.jpg,108_.jpg,1
498,109_.jpg,109_dt.jpg,1
499,110_dt.jpg,110_.jpg,1
500,111_d.jpg,111_dt.jpg,1
501,112_.jpg,112_dt.jpg,1
502,113_.jpg,113_t.jpg,1
503,114_dt.jpg,114_.jpg,1
504,115_d.jpg,115_.jpg,1
505,116_t.jpg,116_dt.jpg,1
506,117_t.jpg,117_dt.jpg,1
507,118_dt.jpg,118_.jpg,1
508,119_t.jpg,119_d.jpg,1
509,120_.jpg,120_dt.jpg,1
510,121_d.jpg,121_dt.jpg,1
511,122_d.jpg,122_t.jpg,1
512,123_t.jpg,123_dt.jpg,1
513,124_d.jpg,124_t.jpg,1
514,125_.jpg,125_dt.jpg,1
515,126_t.jpg,126_.jpg,1
516,127_dt.jpg,127_.jpg,1
517,128_dt.jpg,128_t.jpg,1
518,129_t.jpg,129_d.jpg,1
519,130_d.jpg,130_dt.jpg,1
520,131_t.jpg,131_.jpg,1
521,132_d.jpg,132_t.jpg,1
522,133_dt.jpg,133_d.jpg,1
523,134_t.jpg,134_.jpg,1
524,135_t.jpg,135_.jpg,1
525,136_d.jpg,136_t.jpg,1
526,137_dt.jpg,137_.jpg,1
527,138_t.jpg,138_.jpg,1
528,139_d.jpg,139_.jpg,1
529,140_t.jpg,140_.jpg,1
530,141_t.jpg,141_dt.jpg,1
531,142_t.jpg,142_.jpg,1
532,143_t.jpg,143_.jpg,1
533,144_.jpg,144_t.jpg,1
534,145_dt.jpg,145_.jpg,1
535,146_.jpg,146_dt.jpg,1
536,147_d.jpg,147_t.jpg,1
537,148_dt.jpg,148_.jpg,1
538,149_d.jpg,149_.jpg,1
539,150_d.jpg,150_t.jpg,1
540,151_dt.jpg,151_t.jpg,1
541,152_dt.jpg,152_.jpg,1
542,153_dt.jpg,153_d.jpg,1
543,154_.jpg,154_t.jpg,1
544,155_d.jpg,155_dt.jpg,1
545,156_.jpg,156_t.jpg,1
546,157_t.jpg,157_d.jpg,1
547,158_d.jpg,158_.jpg,1
548,159_d.jpg,159_dt.jpg,1
549,160_dt.jpg,160_.jpg,1
550,161_d.jpg,161_.jpg,1
551,162_t.jpg,162_dt.jpg,1
552,163_d.jpg,163_.jpg,1
553,164_t.jpg,164_d.jpg,1
554,165_dt.jpg,165_d.jpg,1
555,166_dt.jpg,166_t.jpg,1
556,167_d.jpg,167_t.jpg,1
557,168_d.jpg,168_t.jpg,1
558,169_.jpg,169_dt.jpg,1
559,170_dt.jpg,170_d.jpg,1
560,171_.jpg,171_dt.jpg,1
561,172_t.jpg,172_.jpg,1
562,173_d.jpg,173_t.jpg,1
563,174_t.jpg,174_d.jpg,1
564,175_.jpg,175_d.jpg,1
565,176_dt.jpg,176_t.jpg,1
566,177_.jpg,177_t.jpg,1
567,178_dt.jpg,178_d.jpg,1
568,179_dt.jpg,179_.jpg,1
569,180_dt.jpg,180_.jpg,1
570,181_t.jpg,181_dt.jpg,1
571,182_.jpg,182_d.jpg,1
572,183_t.jpg,183_.jpg,1
573,184_t.jpg,184_dt.jpg,1
574,185_d.jpg,185_dt.jpg,1
575,186_t.jpg,186_dt.jpg,1
576,187_dt.jpg,187_d.jpg,1
577,188_.jpg,188_dt.jpg,1
578,189_dt.jpg,189_.jpg,1
579,190_dt.jpg,190_.jpg,1
580,191_d.jpg,191_.jpg,1
581,192_dt.jpg,192_d.jpg,1
582,193_d.jpg,193_dt.jpg,1
583,194_d.jpg,194_t.jpg,1
584,195_dt.jpg,195_.jpg,1
585,001_t.jpg,001_d.jpg,1
586,002_.jpg,002_dt.jpg,1
587,003_d.jpg,003_t.jpg,1
588,004_t.jpg,004_dt.jpg,1
589,005_dt.jpg,005_.jpg,1
590,006_t.jpg,006_d.jpg,1
591,007_.jpg,007_d.jpg,1
592,008_.jpg,008_d.jpg,1
593,009_dt.jpg,009_t.jpg,1
594,010_d.jpg,010_dt.jpg,1
595,011_d.jpg,011_t.jpg,1
596,012_d.jpg,012_dt.jpg,1
597,013_.jpg,013_t.jpg,1
598,014_dt.jpg,014_d.jpg,1
599,015_dt.jpg,015_d.jpg,1
600,016_t.jpg,016_d.jpg,1
601,017_t.jpg,017_.jpg,1
602,018_.jpg,018_d.jpg,1
603,019_d.jpg,019_t.jpg,1
604,020_dt.jpg,020_.jpg,1
605,021_t.jpg,021_dt.jpg,1
606,022_.jpg,022_t.jpg,1
607,023_t.jpg,023_dt.jpg,1
608,024_.jpg,024_dt.jpg,1
609,025_d.jpg,025_dt.jpg,1
610,026_t.jpg,026_dt.jpg,1
611,027_d.jpg,027_.jpg,1
612,028_t.jpg,028_.jpg,1
613,029_t.jpg,029_dt.jpg,1
614,030_.jpg,030_d.jpg,1
615,031_d.jpg,031_dt.jpg,1
616,032_t.jpg,032_dt.jpg,1
617,033_dt.jpg,033_d.jpg,1
618,034_t.jpg,034_d.jpg,1
619,035_d.jpg,035_t.jpg,1
620,036_.jpg,036_d.jpg,1
621,037_dt.jpg,037_t.jpg,1
622,038_dt.jpg,038_t.jpg,1
623,039_t.jpg,039_.jpg,1
624,040_.jpg,040_t.jpg,1
625,041_.jpg,041_t.jpg,1
626,042_dt.jpg,042_t.jpg,1
627,043_.jpg,043_d.jpg,1
628,044_d.jpg,044_t.jpg,1
629,045_dt.jpg,045_d.jpg,1
630,046_d.jpg,046_dt.jpg,1
631,047_dt.jpg,047_d.jpg,1
632,048_dt.jpg,048_.jpg,1
633,049_.jpg,049_dt.jpg,1
634,050_t.jpg,050_.jpg,1
635,051_dt.jpg,051_.jpg,1
636,052_d.jpg,052_t.jpg,1
637,053_d.jpg,053_t.jpg,1
638,054_dt.jpg,054_t.jpg,1
639,055_d.jpg,055_t.jpg,1
640,056_t.jpg,056_d.jpg,1
641,057_.jpg,057_t.jpg,1
642,058_.jpg,058_t.jpg,1
643,059_.jpg,059_dt.jpg,1
644,060_t.jpg,060_dt.jpg,1
645,061_d.jpg,061_dt.jpg,1
646,062_t.jpg,062_dt.jpg,1
647,063_d.jpg,063_.jpg,1
648,064_.jpg,064_t.jpg,1
649,065_dt.jpg,065_d.jpg,1
650,066_.jpg,066_dt.jpg,1
651,067_t.jpg,067_.jpg,1
652,068_dt.jpg,068_d.jpg,1
653,069_t.jpg,069_dt.jpg,1
654,070_dt.jpg,070_.jpg,1
655,071_dt.jpg,071_t.jpg,1
656,072_d.jpg,072_t.jpg,1
657,073_d.jpg,073_t.jpg,1
658,074_t.jpg,074_dt.jpg,1
659,075_.jpg,075_t.jpg,1
660,076_.jpg,076_d.jpg,1
661,077_d.jpg,077_t.jpg,1
662,078_d.jpg,078_dt.jpg,1
663,079_dt.jpg,079_d.jpg,1
664,080_t.jpg,080_dt.jpg,1
665,081_.jpg,081_d.jpg,1
666,082_.jpg,082_d.jpg,1
667,083_d.jpg,083_.jpg,1
668,084_t.jpg,084_dt.jpg,1
669,085_t.jpg,085_.jpg,1
670,086_dt.jpg,086_t.jpg,1
671,087_.jpg,087_dt.jpg,1
672,088_.jpg,088_t.jpg,1
673,089_t.jpg,089_d.jpg,1
674,090_t.jpg,090_dt.jpg,1
675,091_.jpg,091_dt.jpg,1
676,092_dt.jpg,092_.jpg,1
677,093_d.jpg,093_.jpg,1
678,094_d.jpg,094_dt.jpg,1
679,095_dt.jpg,095_t.jpg,1
680,096_t.jpg,096_dt.jpg,1
681,097_d.jpg,097_t.jpg,1
682,098_dt.jpg,098_t.jpg,1
683,099_dt.jpg,099_d.jpg,1
684,100_dt.jpg,100_.jpg,1
685,101_d.jpg,101_.jpg,1
686,102_d.jpg,102_.jpg,1
687,103_d.jpg,103_t.jpg,1
688,104_d.jpg,104_dt.jpg,1
689,105_d.jpg,105_.jpg,1
690,106_.jpg,106_t.jpg,1
691,107_.jpg,107_t.jpg,1
692,108_t.jpg,108_dt.jpg,1
693,109_d.jpg,109_.jpg,1
694,110_d.jpg,110_dt.jpg,1
695,111_dt.jpg,111_.jpg,1
696,112_t.jpg,112_dt.jpg,1
697,113_t.jpg,113_dt.jpg,1
698,114_.jpg,114_d.jpg,1
699,115_t.jpg,115_.jpg,1
700,116_d.jpg,116_dt.jpg,1
701,117_t.jpg,117_d.jpg,1
702,118_d.jpg,118_.jpg,1
703,119_t.jpg,119_dt.jpg,1
704,120_.jpg,120_t.jpg,1
705,121_dt.jpg,121_.jpg,1
706,122_d.jpg,122_t.jpg,1
707,123_t.jpg,123_dt.jpg,1
708,124_d.jpg,124_dt.jpg,1
709,125_dt.jpg,125_t.jpg,1
710,126_d.jpg,126_dt.jpg,1
711,127_.jpg,127_t.jpg,1
712,128_d.jpg,128_t.jpg,1
713,129_t.jpg,129_d.jpg,1
714,130_d.jpg,130_.jpg,1
715,131_.jpg,131_dt.jpg,1
716,132_dt.jpg,132_d.jpg,1
717,133_t.jpg,133_d.jpg,1
718,134_t.jpg,134_.jpg,1
719,135_dt.jpg,135_d.jpg,1
720,136_t.jpg,136_d.jpg,1
721,137_d.jpg,137_t.jpg,1
722,138_d.jpg,138_.jpg,1
723,139_.jpg,139_t.jpg,1
724,140_.jpg,140_t.jpg,1
725,141_t.jpg,141_dt.jpg,1
726,142_.jpg,142_d.jpg,1
727,143_dt.jpg,143_.jpg,1
728,144_dt.jpg,144_.jpg,1
729,145_d.jpg,145_dt.jpg,1
730,146_dt.jpg,146_d.jpg,1
731,147_d.jpg,147_.jpg,1
732,148_dt.jpg,148_t.jpg,1
733,149_d.jpg,149_.jpg,1
734,150_t.jpg,150_.jpg,1
735,151_t.jpg,151_d.jpg,1
736,152_d.jpg,152_dt.jpg,1
737,153_d.jpg,153_dt.jpg,1
738,154_dt.jpg,154_.jpg,1
739,155_d.jpg,155_.jpg,1
740,156_t.jpg,156_dt.jpg,1
741,157_d.jpg,157_dt.jpg,1
742,158_d.jpg,158_dt.jpg,1
743,159_.jpg,159_dt.jpg,1
744,160_t.jpg,160_d.jpg,1
745,161_.jpg,161_t.jpg,1
746,162_t.jpg,162_dt.jpg,1
747,163_t.jpg,163_dt.jpg,1
748,164_dt.jpg,164_.jpg,1
749,165_dt.jpg,165_.jpg,1
750,166_.jpg,166_dt.jpg,1
751,167_dt.jpg,167_d.jpg,1
752,168_t.jpg,168_d.jpg,1
753,169_dt.jpg,169_d.jpg,1
754,170_t.jpg,170_dt.jpg,1
755,171_.jpg,171_t.jpg,1
756,172_t.jpg,172_d.jpg,1
757,173_d.jpg,173_t.jpg,1
758,174_dt.jpg,174_d.jpg,1
759,175_d.jpg,175_dt.jpg,1
760,176_.jpg,176_dt.jpg,1
761,177_dt.jpg,177_.jpg,1
762,178_d.jpg,178_t.jpg,1
763,179_dt.jpg,179_d.jpg,1
764,180_d.jpg,180_.jpg,1
765,181_t.jpg,181_d.jpg,1
766,182_dt.jpg,182_d.jpg,1
767,183_t.jpg,183_d.jpg,1
768,184_dt.jpg,184_.jpg,1
769,185_t.jpg,185_.jpg,1
770,186_dt.jpg,186_t.jpg,1
771,187_dt.jpg,187_d.jpg,1
772,188_.jpg,188_d.jpg,1
773,189_t.jpg,189_.jpg,1
774,190_dt.jpg,190_d.jpg,1
775,191_t.jpg,191_.jpg,1
776,192_dt.jpg,192_.jpg,1
777,193_d.jpg,193_.jpg,1
778,194_d.jpg,194_t.jpg,1
779,195_.jpg,195_t.jpg,1
780,001_.jpg,165_dt.jpg,0
781,002_.jpg,111_dt.jpg,0
782,003_d.jpg,104_dt.jpg,0
783,004_dt.jpg,166_d.jpg,0
784,005_t.jpg,061_d.jpg,0
785,006_.jpg,079_d.jpg,0
786,007_d.jpg,144_dt.jpg,0
787,008_d.jpg,057_dt.jpg,0
788,009_dt.jpg,148_dt.jpg,0
789,010_dt.jpg,049_t.jpg,0
790,011_d.jpg,104_dt.jpg,0
791,012_t.jpg,023_d.jpg,0
792,013_.jpg,154_d.jpg,0
793,014_dt.jpg,120_t.jpg,0
794,015_t.jpg,157_dt.jpg,0
795,016_.jpg,073_d.jpg,0
796,017_d.jpg,160_.jpg,0
797,018_.jpg,047_.jpg,0
798,019_d.jpg,116_d.jpg,0
799,020_dt.jpg,175_t.jpg,0
800,021_.jpg,067_.jpg,0
801,022_.jpg,081_.jpg,0
802,023_t.jpg,096_.jpg,0
803,024_.jpg,155_.jpg,0
804,025_t.jpg,076_d.jpg,0
805,026_dt.jpg,071_.jpg,0
806,027_.jpg,119_dt.jpg,0
807,028_t.jpg,180_t.jpg,0
808,029_t.jpg,023_.jpg,0
809,030_t.jpg,058_d.jpg,0
810,031_.jpg,169_.jpg,0
811,032_d.jpg,145_.jpg,0
812,033_dt.jpg,106_.jpg,0
813,034_dt.jpg,156_.jpg,0
814,035_d.jpg,167_dt.jpg,0
815,036_d.jpg,064_.jpg,0
816,037_d.jpg,061_t.jpg,0
817,038_.jpg,032_d.jpg,0
818,039_.jpg,046_t.jpg,0
819,040_d.jpg,105_dt.jpg,0
820,041_.jpg,153_.jpg,0
821,042_t.jpg,146_t.jpg,0
822,043_d.jpg,045_t.jpg,0
823,044_t.jpg,140_.jpg,0
824,045_.jpg,161_.jpg,0
825,046_d.jpg,124_dt.jpg,0
826,047_.jpg,162_dt.jpg,0
827,048_dt.jpg,006_d.jpg,0
828,049_dt.jpg,087_.jpg,0
829,050_dt.jpg,041_dt.jpg,0
830,051_t.jpg,164_dt.jpg,0
831,052_.jpg,158_d.jpg,0
832,053_.jpg,038_.jpg,0
833,054_t.jpg,006_dt.jpg,0
834,055_d.jpg,168_d.jpg,0
835,056_t.jpg,087_d.jpg,0
836,057_.jpg,096_t.jpg,0
837,058_d.jpg,036_t.jpg,0
838,059_t.jpg,018_dt.jpg,0
839,060_.jpg,016_d.jpg,0
840,061_t.jpg,174_t.jpg,0
841,062_.jpg,120_.jpg,0
842,063_dt.jpg,061_dt.jpg,0
843,064_t.jpg,104_.jpg,0
844,065_dt.jpg,085_dt.jpg,0
845,066_dt.jpg,074_.jpg,0
846,067_d.jpg,142_t.jpg,0
847,068_.jpg,058_d.jpg,0
848,069_t.jpg,125_.jpg,0
849,070_d.jpg,050_t.jpg,0
850,071_d.jpg,062_.jpg,0
851,072_d.jpg,130_t.jpg,0
852,073_dt.jpg,101_d.jpg,0
853,074_dt.jpg,003_t.jpg,0
854,075_t.jpg,029_d.jpg,0
855,076_.jpg,099_t.jpg,0
856,077_dt.jpg,194_d.jpg,0
857,078_.jpg,162_.jpg,0
858,079_d.jpg,155_t.jpg,0
859,080_dt.jpg,068_dt.jpg,0
860,081_t.jpg,069_.jpg,0
861,082_.jpg,145_dt.jpg,0
862,083_.jpg,066_t.jpg,0
863,084_.jpg,195_dt.jpg,0
864,085_t.jpg,023_.jpg,0
865,086_d.jpg,117_t.jpg,0
866,087_.jpg,128_t.jpg,0
867,088_d.jpg,092_dt.jpg,0
868,089_d.jpg,113_dt.jpg,0
869,090_d.jpg,070_t.jpg,0
870,091_dt.jpg,027_dt.jpg,0
871,092_.jpg,117_d.jpg,0
872,093_d.jpg,165_dt.jpg,0
873,094_.jpg,169_.jpg,0
874,095_.jpg,123_.jpg,0
875,096_d.jpg,058_dt.jpg,0
876,097_.jpg,111_d.jpg,0
877,098_t.jpg,057_t.jpg,0
878,099_dt.jpg,161_dt.jpg,0
879,100_.jpg,058_dt.jpg,0
880,101_dt.jpg,171_t.jpg,0
881,102_t.jpg,096_d.jpg,0
882,103_t.jpg,071_d.jpg,0
883,104_d.jpg,133_d.jpg,0
884,105_d.jpg,190_.jpg,0
885,106_d.jpg,061_t.jpg,0
886,107_dt.jpg,062_d.jpg,0
887,108_dt.jpg,070_.jpg,0
888,109_.jpg,083_dt.jpg,0
889,110_dt.jpg,069_t.jpg,0
890,111_t.jpg,102_.jpg,0
891,112_dt.jpg,051_t.jpg,0
892,113_dt.jpg,062_d.jpg,0
893,114_d.jpg,142_d.jpg,0
894,115_d.jpg,033_.jpg,0
895,116_t.jpg,192_d.jpg,0
896,117_dt.jpg,156_d.jpg,0
897,118_dt.jpg,121_dt.jpg,0
898,119_dt.jpg,060_t.jpg,0
899,120_d.jpg,176_t.jpg,0
900,121_dt.jpg,127_t.jpg,0
901,122_d.jpg,191_t.jpg,0
902,123_dt.jpg,094_t.jpg,0
903,124_t.jpg,119_d.jpg,0
904,125_d.jpg,067_dt.jpg,0
905,126_dt.jpg,111_.jpg,0
906,127_.jpg,155_t.jpg,0
907,128_d.jpg,098_d.jpg,0
908,129_dt.jpg,020_.jpg,0
909,130_.jpg,142_d.jpg,0
910,131_dt.jpg,190_t.jpg,0
911,132_dt.jpg,029_t.jpg,0
912,133_d.jpg,076_.jpg,0
913,134_d.jpg,168_dt.jpg,0
914,135_.jpg,016_d.jpg,0
915,136_d.jpg,174_t.jpg,0
916,137_dt.jpg,100_.jpg,0
917,138_d.jpg,054_.jpg,0
918,139_t.jpg,149_t.jpg,0
919,140_d.jpg,034_dt.jpg,0
920,141_t.jpg,079_t.jpg,0
921,142_d.jpg,062_t.jpg,0
922,143_d.jpg,049_d.jpg,0
923,145_t.jpg,069_t.jpg,0
924,146_t.jpg,114_dt.jpg,0
925,147_d.jpg,044_dt.jpg,0
926,148_t.jpg,085_t.jpg,0
927,149_d.jpg,059_.jpg,0
928,150_d.jpg,142_d.jpg,0
929,151_d.jpg,121_t.jpg,0
930,152_d.jpg,106_d.jpg,0
931,153_d.jpg,071_d.jpg,0
932,154_d.jpg,182_t.jpg,0
933,155_.jpg,019_d.jpg,0
934,156_t.jpg,080_dt.jpg,0
935,157_t.jpg,093_t.jpg,0
936,158_d.jpg,051_d.jpg,0
937,159_t.jpg,131_.jpg,0
938,160_d.jpg,066_d.jpg,0
939,161_d.jpg,168_d.jpg,0
940,162_d.jpg,020_dt.jpg,0
941,163_d.jpg,152_t.jpg,0
942,164_d.jpg,145_d.jpg,0
943,165_t.jpg,041_dt.jpg,0
944,166_dt.jpg,026_t.jpg,0
945,167_dt.jpg,084_t.jpg,0
946,168_dt.jpg,194_.jpg,0
947,169_t.jpg,193_d.jpg,0
948,170_.jpg,004_dt.jpg,0
949,171_d.jpg,108_dt.jpg,0
950,172_d.jpg,145_t.jpg,0
951,173_dt.jpg,177_d.jpg,0
952,174_d.jpg,040_.jpg,0
953,175_.jpg,141_d.jpg,0
954,176_t.jpg,127_.jpg,0
955,177_d.jpg,158_.jpg,0
956,178_t.jpg,058_dt.jpg,0
957,179_d.jpg,135_.jpg,0
958,180_t.jpg,162_.jpg,0
959,181_.jpg,070_dt.jpg,0
960,182_t.jpg,030_d.jpg,0
961,183_t.jpg,160_.jpg,0
962,184_dt.jpg,160_.jpg,0
963,185_t.jpg,138_d.jpg,0
964,186_dt.jpg,133_t.jpg,0
965,187_t.jpg,153_.jpg,0
966,188_t.jpg,087_t.jpg,0
967,189_d.jpg,015_t.jpg,0
968,190_t.jpg,126_t.jpg,0
969,191_.jpg,080_.jpg,0
970,192_t.jpg,083_d.jpg,0
971,193_t.jpg,058_t.jpg,0
972,194_dt.jpg,046_d.jpg,0
973,195_.jpg,163_d.jpg,0
974,001_dt.jpg,073_dt.jpg,0
975,002_.jpg,009_dt.jpg,0
976,003_dt.jpg,059_dt.jpg,0
977,004_t.jpg,184_t.jpg,0
978,005_.jpg,115_d.jpg,0
979,006_dt.jpg,165_d.jpg,0
980,007_dt.jpg,096_t.jpg,0
981,008_d.jpg,018_dt.jpg,0
982,009_d.jpg,013_d.jpg,0
983,010_d.jpg,126_t.jpg,0
984,011_t.jpg,025_d.jpg,0
985,012_dt.jpg,117_d.jpg,0
986,013_d.jpg,180_d.jpg,0
987,014_.jpg,145_.jpg,0
988,015_t.jpg,051_dt.jpg,0
989,016_t.jpg,157_dt.jpg,0
990,017_d.jpg,183_dt.jpg,0
991,018_d.jpg,091_t.jpg,0
992,019_d.jpg,014_t.jpg,0
993,020_dt.jpg,071_d.jpg,0
994,021_t.jpg,154_d.jpg,0
995,022_d.jpg,143_dt.jpg,0
996,023_.jpg,054_dt.jpg,0
997,024_d.jpg,101_dt.jpg,0
998,025_d.jpg,053_.jpg,0
999,026_d.jpg,157_.jpg,0
1000,027_d.jpg,156_d.jpg,0
1001,028_dt.jpg,069_dt.jpg,0
1002,029_dt.jpg,174_d.jpg,0
1003,030_t.jpg,187_t.jpg,0
1004,031_t.jpg,095_t.jpg,0
1005,032_.jpg,060_t.jpg,0
1006,033_.jpg,007_t.jpg,0
1007,034_dt.jpg,032_t.jpg,0
1008,035_d.jpg,046_d.jpg,0
1009,036_dt.jpg,083_d.jpg,0
1010,037_dt.jpg,165_t.jpg,0
1011,038_d.jpg,069_t.jpg,0
1012,039_d.jpg,015_.jpg,0
1013,040_d.jpg,152_t.jpg,0
1014,041_.jpg,013_.jpg,0
1015,042_t.jpg,179_.jpg,0
1016,043_.jpg,096_d.jpg,0
1017,044_.jpg,011_.jpg,0
1018,045_.jpg,115_.jpg,0
1019,046_.jpg,045_dt.jpg,0
1020,047_t.jpg,096_dt.jpg,0
1021,048_.jpg,024_.jpg,0
1022,049_d.jpg,079_dt.jpg,0
1023,050_d.jpg,083_.jpg,0
1024,051_d.jpg,105_t.jpg,0
1025,052_.jpg,080_dt.jpg,0
1026,053_dt.jpg,121_dt.jpg,0
1027,054_dt.jpg,076_d.jpg,0
1028,055_t.jpg,009_.jpg,0
1029,056_.jpg,078_d.jpg,0
1030,057_t.jpg,183_dt.jpg,0
1031,058_dt.jpg,040_dt.jpg,0
1032,059_d.jpg,024_.jpg,0
1033,060_t.jpg,193_d.jpg,0
1034,061_.jpg,182_d.jpg,0
1035,062_.jpg,015_t.jpg,0
1036,063_dt.jpg,121_d.jpg,0
1037,064_t.jpg,096_t.jpg,0
1038,065_t.jpg,102_dt.jpg,0
1039,066_dt.jpg,029_dt.jpg,0
1040,067_d.jpg,116_t.jpg,0
1041,068_t.jpg,115_dt.jpg,0
1042,069_t.jpg,061_d.jpg,0
1043,070_.jpg,159_.jpg,0
1044,071_.jpg,140_.jpg,0
1045,072_.jpg,032_.jpg,0
1046,073_dt.jpg,193_.jpg,0
1047,074_t.jpg,114_.jpg,0
1048,075_.jpg,121_d.jpg,0
1049,076_t.jpg,188_dt.jpg,0
1050,077_d.jpg,029_t.jpg,0
1051,078_d.jpg,092_dt.jpg,0
1052,079_dt.jpg,176_t.jpg,0
1053,080_.jpg,172_t.jpg,0
1054,081_.jpg,004_dt.jpg,0
1055,082_dt.jpg,098_.jpg,0
1056,083_.jpg,190_d.jpg,0
1057,085_dt.jpg,192_t.jpg,0
1058,086_.jpg,138_d.jpg,0
1059,087_t.jpg,048_.jpg,0
1060,088_t.jpg,181_t.jpg,0
1061,089_t.jpg,102_.jpg,0
1062,090_t.jpg,097_d.jpg,0
1063,091_t.jpg,163_d.jpg,0
1064,092_t.jpg,027_.jpg,0
1065,093_t.jpg,188_d.jpg,0
1066,094_.jpg,141_t.jpg,0
1067,095_t.jpg,177_.jpg,0
1068,096_d.jpg,029_dt.jpg,0
1069,097_.jpg,022_d.jpg,0
1070,098_.jpg,042_d.jpg,0
1071,099_d.jpg,137_t.jpg,0
1072,100_d.jpg,057_d.jpg,0
1073,101_.jpg,165_dt.jpg,0
1074,102_.jpg,098_d.jpg,0
1075,103_t.jpg,022_.jpg,0
1076,104_t.jpg,043_dt.jpg,0
1077,105_.jpg,035_t.jpg,0
1078,106_.jpg,021_dt.jpg,0
1079,107_t.jpg,050_dt.jpg,0
1080,108_.jpg,045_d.jpg,0
1081,109_dt.jpg,021_.jpg,0
1082,110_dt.jpg,165_t.jpg,0
1083,111_.jpg,045_dt.jpg,0
1084,112_dt.jpg,067_t.jpg,0
1085,113_.jpg,137_.jpg,0
1086,114_.jpg,079_d.jpg,0
1087,115_d.jpg,057_dt.jpg,0
1088,116_t.jpg,071_dt.jpg,0
1089,117_dt.jpg,056_dt.jpg,0
1090,118_.jpg,048_d.jpg,0
1091,119_.jpg,028_t.jpg,0
1092,120_dt.jpg,064_.jpg,0
1093,121_dt.jpg,055_t.jpg,0
1094,122_d.jpg,107_d.jpg,0
1095,123_t.jpg,004_t.jpg,0
1096,124_.jpg,099_t.jpg,0
1097,125_d.jpg,051_t.jpg,0
1098,126_t.jpg,167_dt.jpg,0
1099,127_d.jpg,098_d.jpg,0
1100,128_dt.jpg,185_d.jpg,0
1101,129_d.jpg,049_d.jpg,0
1102,130_t.jpg,104_.jpg,0
1103,131_.jpg,028_t.jpg,0
1104,132_d.jpg,144_t.jpg,0
1105,133_d.jpg,050_.jpg,0
1106,134_dt.jpg,013_d.jpg,0
1107,135_t.jpg,081_d.jpg,0
1108,136_dt.jpg,022_dt.jpg,0
1109,137_.jpg,185_.jpg,0
1110,138_t.jpg,188_dt.jpg,0
1111,139_t.jpg,067_.jpg,0
1112,140_dt.jpg,132_dt.jpg,0
1113,141_.jpg,160_.jpg,0
1114,142_dt.jpg,188_.jpg,0
1115,143_.jpg,027_dt.jpg,0
1116,144_d.jpg,184_.jpg,0
1117,145_t.jpg,100_.jpg,0
1118,146_dt.jpg,139_dt.jpg,0
1119,147_.jpg,083_t.jpg,0
1120,148_.jpg,128_.jpg,0
1121,149_t.jpg,070_t.jpg,0
1122,150_d.jpg,046_dt.jpg,0
1123,151_t.jpg,007_dt.jpg,0
1124,152_d.jpg,169_.jpg,0
1125,153_t.jpg,022_dt.jpg,0
1126,154_t.jpg,046_t.jpg,0
1127,155_t.jpg,007_t.jpg,0
1128,156_d.jpg,038_.jpg,0
1129,157_.jpg,118_.jpg,0
1130,158_d.jpg,051_t.jpg,0
1131,159_d.jpg,067_d.jpg,0
1132,160_d.jpg,036_d.jpg,0
1133,162_dt.jpg,125_.jpg,0
1134,163_dt.jpg,093_.jpg,0
1135,164_.jpg,053_d.jpg,0
1136,165_.jpg,194_t.jpg,0
1137,166_.jpg,050_d.jpg,0
1138,167_.jpg,164_d.jpg,0
1139,168_d.jpg,150_t.jpg,0
1140,169_.jpg,087_t.jpg,0
1141,170_t.jpg,194_t.jpg,0
1142,171_d.jpg,074_dt.jpg,0
1143,172_dt.jpg,100_.jpg,0
1144,173_.jpg,033_t.jpg,0
1145,174_t.jpg,069_d.jpg,0
1146,175_d.jpg,094_.jpg,0
1147,176_d.jpg,096_dt.jpg,0
1148,177_t.jpg,007_d.jpg,0
1149,178_.jpg,038_.jpg,0
1150,179_t.jpg,050_d.jpg,0
1151,180_.jpg,025_.jpg,0
1152,181_t.jpg,162_.jpg,0
1153,182_dt.jpg,036_.jpg,0
1154,183_dt.jpg,090_.jpg,0
1155,184_.jpg,109_t.jpg,0
1156,185_dt.jpg,039_d.jpg,0
1157,186_d.jpg,004_d.jpg,0
1158,187_dt.jpg,167_t.jpg,0
1159,188_t.jpg,011_dt.jpg,0
1160,189_.jpg,060_d.jpg,0
1161,190_t.jpg,009_.jpg,0
1162,191_dt.jpg,177_d.jpg,0
1163,192_d.jpg,024_t.jpg,0
1164,193_t.jpg,143_t.jpg,0
1165,194_.jpg,005_d.jpg,0
1166,195_t.jpg,166_d.jpg,0
1167,001_d.jpg,003_dt.jpg,0
1168,002_.jpg,108_d.jpg,0
1169,003_d.jpg,054_d.jpg,0
1170,004_t.jpg,099_.jpg,0
1171,005_t.jpg,166_.jpg,0
1172,006_d.jpg,154_dt.jpg,0
1173,007_t.jpg,184_t.jpg,0
1174,008_dt.jpg,164_.jpg,0
1175,009_t.jpg,167_dt.jpg,0
1176,010_d.jpg,009_t.jpg,0
1177,011_.jpg,049_d.jpg,0
1178,013_t.jpg,112_.jpg,0
1179,014_t.jpg,132_t.jpg,0
1180,015_t.jpg,134_dt.jpg,0
1181,016_d.jpg,110_.jpg,0
1182,017_.jpg,140_d.jpg,0
1183,018_.jpg,006_d.jpg,0
1184,019_t.jpg,170_d.jpg,0
1185,020_d.jpg,082_d.jpg,0
1186,021_t.jpg,189_dt.jpg,0
1187,022_t.jpg,051_.jpg,0
1188,023_.jpg,120_d.jpg,0
1189,024_t.jpg,188_t.jpg,0
1190,025_d.jpg,068_.jpg,0
1191,026_t.jpg,076_dt.jpg,0
1192,027_dt.jpg,145_dt.jpg,0
1193,028_dt.jpg,133_d.jpg,0
1194,029_.jpg,163_dt.jpg,0
1195,030_dt.jpg,128_.jpg,0
1196,031_d.jpg,085_t.jpg,0
1197,032_.jpg,101_t.jpg,0
1198,033_d.jpg,139_t.jpg,0
1199,034_d.jpg,073_dt.jpg,0
1200,035_.jpg,019_.jpg,0
1201,036_t.jpg,126_dt.jpg,0
1202,037_d.jpg,071_dt.jpg,0
1203,038_t.jpg,139_t.jpg,0
1204,039_t.jpg,185_d.jpg,0
1205,040_.jpg,053_.jpg,0
1206,041_dt.jpg,177_dt.jpg,0
1207,042_d.jpg,127_d.jpg,0
1208,043_d.jpg,170_.jpg,0
1209,044_t.jpg,127_d.jpg,0
1210,045_dt.jpg,146_t.jpg,0
1211,046_t.jpg,145_d.jpg,0
1212,047_d.jpg,180_t.jpg,0
1213,048_t.jpg,100_.jpg,0
1214,049_t.jpg,002_t.jpg,0
1215,050_dt.jpg,072_.jpg,0
1216,051_t.jpg,044_dt.jpg,0
1217,052_t.jpg,016_.jpg,0
1218,053_dt.jpg,120_t.jpg,0
1219,054_d.jpg,104_d.jpg,0
1220,055_d.jpg,085_t.jpg,0
1221,056_d.jpg,085_d.jpg,0
1222,057_.jpg,118_t.jpg,0
1223,058_.jpg,017_.jpg,0
1224,059_dt.jpg,037_.jpg,0
1225,060_t.jpg,118_d.jpg,0
1226,061_d.jpg,132_t.jpg,0
1227,062_dt.jpg,195_.jpg,0
1228,063_t.jpg,013_d.jpg,0
1229,064_.jpg,012_.jpg,0
1230,065_t.jpg,182_t.jpg,0
1231,066_dt.jpg,071_d.jpg,0
1232,067_.jpg,128_dt.jpg,0
1233,068_dt.jpg,128_dt.jpg,0
1234,069_.jpg,143_t.jpg,0
1235,070_dt.jpg,155_dt.jpg,0
1236,071_dt.jpg,103_dt.jpg,0
1237,072_t.jpg,056_.jpg,0
1238,073_d.jpg,075_.jpg,0
1239,074_d.jpg,179_dt.jpg,0
1240,075_dt.jpg,136_d.jpg,0
1241,076_d.jpg,051_.jpg,0
1242,077_t.jpg,129_t.jpg,0
1243,078_dt.jpg,130_.jpg,0
1244,079_dt.jpg,195_.jpg,0
1245,080_dt.jpg,111_dt.jpg,0
1246,081_t.jpg,026_dt.jpg,0
1247,082_t.jpg,118_t.jpg,0
1248,083_d.jpg,074_dt.jpg,0
1249,084_d.jpg,098_d.jpg,0
1250,085_dt.jpg,160_d.jpg,0
1251,086_t.jpg,115_dt.jpg,0
1252,087_d.jpg,080_d.jpg,0
1253,088_.jpg,108_dt.jpg,0
1254,089_dt.jpg,033_dt.jpg,0
1255,090_dt.jpg,182_dt.jpg,0
1256,091_d.jpg,085_.jpg,0
1257,092_dt.jpg,100_dt.jpg,0
1258,093_.jpg,015_dt.jpg,0
1259,094_d.jpg,016_dt.jpg,0
1260,095_d.jpg,163_.jpg,0
1261,096_dt.jpg,056_d.jpg,0
1262,097_t.jpg,094_dt.jpg,0
1263,098_t.jpg,134_.jpg,0
1264,099_.jpg,177_d.jpg,0
1265,100_dt.jpg,074_.jpg,0
1266,101_t.jpg,057_d.jpg,0
1267,102_d.jpg,185_t.jpg,0
1268,103_.jpg,174_dt.jpg,0
1269,104_dt.jpg,023_t.jpg,0
1270,105_dt.jpg,147_dt.jpg,0
1271,106_.jpg,101_t.jpg,0
1272,107_t.jpg,077_d.jpg,0
1273,108_t.jpg,017_dt.jpg,0
1274,109_.jpg,186_.jpg,0
1275,110_.jpg,045_d.jpg,0
1276,111_.jpg,148_d.jpg,0
1277,112_t.jpg,167_t.jpg,0
1278,113_d.jpg,064_dt.jpg,0
1279,114_.jpg,158_.jpg,0
1280,115_d.jpg,070_t.jpg,0
1281,116_dt.jpg,079_.jpg,0
1282,117_.jpg,062_dt.jpg,0
1283,119_t.jpg,062_d.jpg,0
1284,120_t.jpg,046_.jpg,0
1285,121_dt.jpg,025_.jpg,0
1286,122_dt.jpg,153_.jpg,0
1287,123_dt.jpg,001_t.jpg,0
1288,124_t.jpg,074_d.jpg,0
1289,125_d.jpg,061_.jpg,0
1290,126_.jpg,106_d.jpg,0
1291,127_d.jpg,138_.jpg,0
1292,128_d.jpg,033_t.jpg,0
1293,129_d.jpg,065_d.jpg,0
1294,130_dt.jpg,136_dt.jpg,0
1295,131_t.jpg,065_dt.jpg,0
1296,132_dt.jpg,070_t.jpg,0
1297,133_dt.jpg,062_.jpg,0
1298,134_dt.jpg,165_d.jpg,0
1299,135_t.jpg,078_d.jpg,0
1300,136_.jpg,108_.jpg,0
1301,137_.jpg,143_.jpg,0
1302,138_dt.jpg,066_.jpg,0
1303,139_t.jpg,035_dt.jpg,0
1304,140_dt.jpg,152_d.jpg,0
1305,141_d.jpg,167_dt.jpg,0
1306,142_dt.jpg,166_.jpg,0
1307,143_t.jpg,149_t.jpg,0
1308,144_d.jpg,010_d.jpg,0
1309,145_d.jpg,113_d.jpg,0
1310,146_d.jpg,007_d.jpg,0
1311,147_dt.jpg,065_.jpg,0
1312,148_.jpg,037_.jpg,0
1313,149_t.jpg,162_d.jpg,0
1314,150_t.jpg,158_t.jpg,0
1315,151_.jpg,135_t.jpg,0
1316,152_t.jpg,021_t.jpg,0
1317,153_.jpg,088_dt.jpg,0
1318,154_t.jpg,033_d.jpg,0
1319,155_dt.jpg,078_.jpg,0
1320,156_.jpg,142_dt.jpg,0
1321,157_.jpg,064_t.jpg,0
1322,158_t.jpg,153_dt.jpg,0
1323,159_t.jpg,166_.jpg,0
1324,160_dt.jpg,090_dt.jpg,0
1325,161_d.jpg,050_dt.jpg,0
1326,162_t.jpg,183_d.jpg,0
1327,163_dt.jpg,045_.jpg,0
1328,164_.jpg,120_dt.jpg,0
1329,165_t.jpg,144_t.jpg,0
1330,166_d.jpg,169_d.jpg,0
1331,167_d.jpg,066_dt.jpg,0
1332,168_.jpg,133_t.jpg,0
1333,169_t.jpg,035_t.jpg,0
1334,170_t.jpg,178_.jpg,0
1335,171_.jpg,092_.jpg,0
1336,172_d.jpg,185_dt.jpg,0
1337,173_.jpg,071_dt.jpg,0
1338,174_.jpg,034_d.jpg,0
1339,175_d.jpg,024_.jpg,0
1340,176_d.jpg,064_t.jpg,0
1341,177_d.jpg,084_d.jpg,0
1342,178_dt.jpg,094_d.jpg,0
1343,179_dt.jpg,019_d.jpg,0
1344,180_d.jpg,021_d.jpg,0
1345,181_dt.jpg,124_d.jpg,0
1346,182_t.jpg,047_dt.jpg,0
1347,183_.jpg,157_dt.jpg,0
1348,184_.jpg,194_t.jpg,0
1349,185_t.jpg,093_.jpg,0
1350,186_.jpg,066_dt.jpg,0
1351,187_dt.jpg,133_t.jpg,0
1352,188_t.jpg,075_d.jpg,0
1353,189_.jpg,124_.jpg,0
1354,190_dt.jpg,075_d.jpg,0
1355,191_.jpg,147_t.jpg,0
1356,192_.jpg,157_t.jpg,0
1357,193_dt.jpg,037_t.jpg,0
1358,194_dt.jpg,074_dt.jpg,0
1359,195_t.jpg,054_t.jpg,0
1360,001_dt.jpg,163_dt.jpg,0
1361,002_dt.jpg,147_t.jpg,0
1362,003_d.jpg,006_d.jpg,0
1363,004_t.jpg,017_.jpg,0
1364,005_dt.jpg,019_t.jpg,0
1365,006_dt.jpg,166_d.jpg,0
1366,007_d.jpg,002_d.jpg,0
1367,008_d.jpg,007_.jpg,0
1368,009_.jpg,044_t.jpg,0
1369,010_t.jpg,154_.jpg,0
1370,011_t.jpg,099_d.jpg,0
1371,012_.jpg,102_d.jpg,0
1372,013_dt.jpg,170_t.jpg,0
1373,014_d.jpg,154_t.jpg,0
1374,015_.jpg,054_t.jpg,0
1375,016_d.jpg,037_dt.jpg,0
1376,017_.jpg,091_t.jpg,0
1377,018_d.jpg,059_.jpg,0
1378,019_d.jpg,046_d.jpg,0
1379,020_.jpg,152_d.jpg,0
1380,021_d.jpg,182_t.jpg,0
1381,022_.jpg,123_t.jpg,0
1382,023_d.jpg,068_t.jpg,0
1383,024_t.jpg,143_.jpg,0
1384,025_dt.jpg,131_dt.jpg,0
1385,026_d.jpg,025_dt.jpg,0
1386,027_.jpg,020_d.jpg,0
1387,028_t.jpg,095_dt.jpg,0
1388,029_d.jpg,134_dt.jpg,0
1389,030_t.jpg,165_t.jpg,0
1390,031_d.jpg,114_t.jpg,0
1391,032_d.jpg,190_d.jpg,0
1392,033_d.jpg,027_t.jpg,0
1393,034_d.jpg,194_dt.jpg,0
1394,035_t.jpg,147_.jpg,0
1395,036_dt.jpg,172_dt.jpg,0
1396,037_d.jpg,119_dt.jpg,0
1397,038_dt.jpg,032_t.jpg,0
1398,039_d.jpg,043_t.jpg,0
1399,040_.jpg,007_t.jpg,0
1400,041_t.jpg,018_t.jpg,0
1401,042_t.jpg,121_t.jpg,0
1402,043_d.jpg,013_t.jpg,0
1403,044_d.jpg,136_.jpg,0
1404,045_dt.jpg,066_t.jpg,0
1405,046_dt.jpg,023_d.jpg,0
1406,047_d.jpg,097_d.jpg,0
1407,048_d.jpg,180_dt.jpg,0
1408,049_t.jpg,128_t.jpg,0
1409,050_t.jpg,040_.jpg,0
1410,052_.jpg,007_d.jpg,0
1411,053_.jpg,001_.jpg,0
1412,054_d.jpg,105_dt.jpg,0
1413,055_.jpg,079_.jpg,0
1414,056_dt.jpg,122_.jpg,0
1415,057_.jpg,004_.jpg,0
1416,058_dt.jpg,184_t.jpg,0
1417,059_t.jpg,138_dt.jpg,0
1418,060_d.jpg,063_t.jpg,0
1419,061_.jpg,156_d.jpg,0
1420,062_dt.jpg,117_t.jpg,0
1421,063_.jpg,002_.jpg,0
1422,064_d.jpg,130_dt.jpg,0
1423,065_t.jpg,040_d.jpg,0
1424,066_t.jpg,004_dt.jpg,0
1425,067_.jpg,132_d.jpg,0
1426,068_t.jpg,065_.jpg,0
1427,069_t.jpg,112_dt.jpg,0
1428,070_d.jpg,114_dt.jpg,0
1429,071_dt.jpg,006_dt.jpg,0
1430,072_.jpg,131_dt.jpg,0
1431,073_dt.jpg,064_d.jpg,0
1432,074_d.jpg,175_.jpg,0
1433,075_dt.jpg,181_.jpg,0
1434,076_d.jpg,013_t.jpg,0
1435,077_d.jpg,187_d.jpg,0
1436,078_t.jpg,190_.jpg,0
1437,079_t.jpg,008_d.jpg,0
1438,080_d.jpg,091_dt.jpg,0
1439,081_.jpg,150_t.jpg,0
1440,082_t.jpg,054_.jpg,0
1441,083_.jpg,179_dt.jpg,0
1442,084_d.jpg,124_.jpg,0
1443,085_dt.jpg,136_dt.jpg,0
1444,086_t.jpg,102_dt.jpg,0
1445,087_t.jpg,180_.jpg,0
1446,088_d.jpg,114_t.jpg,0
1447,089_d.jpg,128_t.jpg,0
1448,090_dt.jpg,103_.jpg,0
1449,091_t.jpg,107_.jpg,0
1450,092_d.jpg,163_t.jpg,0
1451,093_d.jpg,047_dt.jpg,0
1452,094_d.jpg,095_t.jpg,0
1453,095_dt.jpg,100_dt.jpg,0
1454,096_dt.jpg,076_t.jpg,0
1455,097_.jpg,033_d.jpg,0
1456,098_t.jpg,102_d.jpg,0
1457,099_.jpg,128_d.jpg,0
1458,100_.jpg,048_dt.jpg,0
1459,101_.jpg,167_t.jpg,0
1460,102_.jpg,054_.jpg,0
1461,103_d.jpg,090_d.jpg,0
1462,104_t.jpg,166_dt.jpg,0
1463,105_d.jpg,114_.jpg,0
1464,106_d.jpg,038_.jpg,0
1465,107_d.jpg,126_.jpg,0
1466,108_t.jpg,134_t.jpg,0
1467,110_.jpg,027_dt.jpg,0
1468,111_t.jpg,002_d.jpg,0
1469,112_t.jpg,004_d.jpg,0
1470,113_t.jpg,102_dt.jpg,0
1471,114_.jpg,158_t.jpg,0
1472,115_dt.jpg,140_.jpg,0
1473,116_dt.jpg,119_t.jpg,0
1474,117_t.jpg,147_t.jpg,0
1475,118_d.jpg,187_t.jpg,0
1476,119_d.jpg,164_.jpg,0
1477,120_dt.jpg,135_.jpg,0
1478,121_dt.jpg,096_t.jpg,0
1479,122_.jpg,082_d.jpg,0
1480,123_dt.jpg,111_.jpg,0
1481,124_d.jpg,076_d.jpg,0
1482,125_dt.jpg,036_.jpg,0
1483,126_.jpg,054_t.jpg,0
1484,127_.jpg,010_d.jpg,0
1485,128_d.jpg,031_dt.jpg,0
1486,129_d.jpg,067_dt.jpg,0
1487,130_t.jpg,137_.jpg,0
1488,131_t.jpg,174_dt.jpg,0
1489,132_t.jpg,080_t.jpg,0
1490,133_.jpg,185_dt.jpg,0
1491,134_d.jpg,140_dt.jpg,0
1492,135_d.jpg,143_.jpg,0
1493,136_dt.jpg,158_.jpg,0
1494,137_dt.jpg,166_dt.jpg,0
1495,138_t.jpg,151_.jpg,0
1496,139_t.jpg,021_t.jpg,0
1497,140_dt.jpg,182_d.jpg,0
1498,141_t.jpg,156_d.jpg,0
1499,142_d.jpg,163_d.jpg,0
1500,143_dt.jpg,125_t.jpg,0
1501,144_.jpg,072_dt.jpg,0
1502,145_.jpg,001_d.jpg,0
1503,146_t.jpg,170_.jpg,0
1504,147_.jpg,091_t.jpg,0
1505,148_t.jpg,063_t.jpg,0
1506,149_.jpg,160_d.jpg,0
1507,150_t.jpg,186_t.jpg,0
1508,151_t.jpg,040_dt.jpg,0
1509,152_dt.jpg,162_d.jpg,0
1510,153_dt.jpg,116_dt.jpg,0
1511,154_dt.jpg,042_t.jpg,0
1512,155_d.jpg,023_d.jpg,0
1513,156_dt.jpg,112_dt.jpg,0
1514,157_dt.jpg,052_t.jpg,0
1515,158_t.jpg,016_t.jpg,0
1516,159_dt.jpg,053_d.jpg,0
1517,160_.jpg,069_t.jpg,0
1518,161_.jpg,104_t.jpg,0
1519,162_d.jpg,089_dt.jpg,0
1520,163_d.jpg,132_dt.jpg,0
1521,164_t.jpg,078_t.jpg,0
1522,165_t.jpg,027_d.jpg,0
1523,166_dt.jpg,053_dt.jpg,0
1524,167_d.jpg,086_t.jpg,0
1525,168_t.jpg,132_dt.jpg,0
1526,169_t.jpg,074_.jpg,0
1527,170_t.jpg,151_t.jpg,0
1528,171_t.jpg,136_.jpg,0
1529,172_.jpg,096_dt.jpg,0
1530,173_dt.jpg,038_t.jpg,0
1531,174_.jpg,029_.jpg,0
1532,175_t.jpg,132_dt.jpg,0
1533,176_dt.jpg,144_.jpg,0
1534,177_.jpg,003_t.jpg,0
1535,178_.jpg,192_dt.jpg,0
1536,179_t.jpg,053_d.jpg,0
1537,180_.jpg,143_t.jpg,0
1538,181_.jpg,110_dt.jpg,0
1539,182_t.jpg,113_.jpg,0
1540,183_d.jpg,158_t.jpg,0
1541,184_t.jpg,001_t.jpg,0
1542,185_.jpg,144_.jpg,0
1543,186_t.jpg,062_d.jpg,0
1544,187_t.jpg,026_dt.jpg,0
1545,188_dt.jpg,182_.jpg,0
1546,189_d.jpg,133_.jpg,0
1547,190_.jpg,059_t.jpg,0
1548,191_dt.jpg,082_d.jpg,0
1549,192_d.jpg,045_dt.jpg,0
1550,193_dt.jpg,028_.jpg,0
1551,194_d.jpg,153_t.jpg,0
1552,195_d.jpg,058_t.jpg,0
